{
  "hash": "f62d19ee542130201caa51ab8a8b29c1",
  "result": {
    "markdown": "---\ntitle: \"Post With Code\"\nauthor: \"Harlow Malloc\"\ndate: \"2023-10-30\"\ncategories: [news, code, analysis]\nimage: \"image.jpg\"\n---\n\n\nThis is a post with executable code.\n\n\n::: {.cell}\n\n```{.r .cell-code}\n1 + 1\n```\n\n::: {.cell-output .cell-output-stdout}\n```\n[1] 2\n```\n:::\n:::\n",
    "supporting": [],
    "filters": [
      "rmarkdown/pagebreak.lua"
    ],
    "includes": {},
    "engineDependencies": {},
    "preserve": {},
    "postProcess": true
  }
}